Workbook

Sheet Sheet1
B1: count | C1: mean | D1: std | E1: min | F1: 25% | G1: 50% | H1: 75% | I1: max
A2: USD_index_Close | B2: 3456 | C2: -2.9026944e-05 | D2: 0.0048544085 | E2: -0.030645673 | F2: -0.0028056636 | G2: 0 | H2: 0.0027343646 | I2: 0.02407465
A3: USD_EUR_Open | B3: 3456 | C3: -6.4345211e-05 | D3: 0.0058352199 | E3: -0.036314618 | F3: -0.0033399993 | G3: 0 | H3: 0.0030599886 | I3: 0.031372121
A4: USD_JPY_Open | B4: 3456 | C4: 2.1851399e-05 | D4: 0.0055230845 | E4: -0.038896726 | F4: -0.0027697396 | G4: 9.1406929e-05 | H4: 0.0030192696 | I4: 0.034332679
A5: USD_GBP_Open | B5: 3456 | C5: -7.4195374e-05 | D5: 0.0060778791 | E5: -0.029838359 | F5: -0.0033792605 | G5: -0.00015701054 | H5: 0.0031688618 | I5: 0.092005824
A6: USD_CNY_Open | B6: 3456 | C6: -1.2296429e-05 | D6: 0.0019764408 | E6: -0.015891462 | F6: -0.00074122626 | G6: -1.608805e-05 | H6: 0.00061983473 | I6: 0.024447781
A7: GOLD_Open | B7: 3456 | C7: 0.0002956422 | D7: 0.011519316 | E7: -0.090398071 | F7: -0.0052149597 | G7: 0.00057576892 | H7: 0.0064578284 | I7: 0.10537329
A8: WTI_Open | B8: 3456 | C8: -0.0004066794 | D8: 0.024361423 | E8: -0.26188932 | F8: -0.012585339 | G8: 0.00019069398 | H8: 0.012484032 | I8: 0.16694574
A9: US_10Y_Open | B9: 3456 | C9: 2.9462422 | D9: 1.1302708 | E9: 0.512 | F9: 2.0345 | G9: 2.824 | H9: 3.86725 | I9: 5.289
A10: CN_10Y_Open | B10: 3456 | C10: 3.3122656 | D10: 0.64309878 | E10: 1.624 | F10: 2.9345 | G10: 3.319 | H10: 3.6805 | I10: 4.73
A11: UK_10Y_Open | B11: 3456 | C11: 2.7528822 | D11: 1.494873 | E11: 0.077 | F11: 1.41875 | G11: 2.6845 | H11: 4.18125 | I11: 5.576
A12: JP_10Y_Open | B12: 3456 | C12: 0.75559288 | D12: 0.63350529 | E12: -0.288 | F12: 0.089 | G12: 0.7335 | H12: 1.327 | I12: 2.01
A13: GER_10Y_Open | B13: 3456 | C13: 1.8084505 | D13: 1.5141352 | E13: -0.792 | F13: 0.38575 | G13: 1.846 | H13: 3.068 | I13: 4.687
... A37: USD_index_Close_Std14 | B37: 3456 | C37: 0.0045281873 | D37: 0.001739333 | E37: 0.0012165575 | F37: 0.0033845736 | G37: 0.0042053809 | H37: 0.0053234582 | I37: 0.013771078

Sheet Sheet2
B1: count | C1: mean | D1: std | E1: min | F1: 25% | G1: 50% | H1: 75% | I1: max
A2: USD_index_Close | B2: 3456 | C2: =Sheet1!C2*100000 -> -2.9026944 | D2: =Sheet1!D2*100000 -> 485.44085 | E2: =Sheet1!E2*100000 -> -3064.5673 | F2: =Sheet1!F2*100000 -> -280.56636 | G2: =Sheet1!G2*100000 -> 0 | H2: =Sheet1!H2*100000 -> 273.43646 | I2: =Sheet1!I2*100000 -> 2407.465
A3: USD_EUR_Open | B3: 3456 | C3: =Sheet1!C3*100000 -> -6.4345211 | D3: =Sheet1!D3*100000 -> 583.52199 | E3: =Sheet1!E3*100000 -> -3631.4618 | F3: =Sheet1!F3*100000 -> -333.99993 | G3: =Sheet1!G3*100000 -> 0 | H3: =Sheet1!H3*100000 -> 305.99886 | I3: =Sheet1!I3*100000 -> 3137.2121
A4: USD_JPY_Open | B4: 3456 | C4: =Sheet1!C4*100000 -> 2.1851399 | D4: =Sheet1!D4*100000 -> 552.30845 | E4: =Sheet1!E4*100000 -> -3889.6726 | F4: =Sheet1!F4*100000 -> -276.97396 | G4: =Sheet1!G4*100000 -> 9.1406929 | H4: =Sheet1!H4*100000 -> 301.92696 | I4: =Sheet1!I4*100000 -> 3433.2679
A5: USD_GBP_Open | B5: 3456 | C5: =Sheet1!C5*100000 -> -7.4195374 | D5: =Sheet1!D5*100000 -> 607.78791 | E5: =Sheet1!E5*100000 -> -2983.8359 | F5: =Sheet1!F5*100000 -> -337.92605 | G5: =Sheet1!G5*100000 -> -15.701054 | H5: =Sheet1!H5*100000 -> 316.88618 | I5: =Sheet1!I5*100000 -> 9200.5824
A6: USD_CNY_Open | B6: 3456 | C6: =Sheet1!C6*100000 -> -1.2296429 | D6: =Sheet1!D6*100000 -> 197.64408 | E6: =Sheet1!E6*100000 -> -1589.1462 | F6: =Sheet1!F6*100000 -> -74.122626 | G6: =Sheet1!G6*100000 -> -1.608805 | H6: =Sheet1!H6*100000 -> 61.983473 | I6: =Sheet1!I6*100000 -> 2444.7781
A7: GOLD_Open | B7: 3456 | C7: =Sheet1!C7*100000 -> 29.56422 | D7: =Sheet1!D7*100000 -> 1151.9316 | E7: =Sheet1!E7*100000 -> -9039.8071 | F7: =Sheet1!F7*100000 -> -521.49597 | G7: =Sheet1!G7*100000 -> 57.576892 | H7: =Sheet1!H7*100000 -> 645.78284 | I7: =Sheet1!I7*100000 -> 10537.329
A8: WTI_Open | B8: 3456 | C8: =Sheet1!C8*100000 -> -40.66794 | D8: =Sheet1!D8*100000 -> 2436.1423 | E8: =Sheet1!E8*100000 -> -26188.932 | F8: =Sheet1!F8*100000 -> -1258.5339 | G8: =Sheet1!G8*100000 -> 19.069398 | H8: =Sheet1!H8*100000 -> 1248.4032 | I8: =Sheet1!I8*100000 -> 16694.574
A9: US_10Y_Open | B9: 3456 | C9: =Sheet1!C9 -> 2.9462422 | D9: =Sheet1!D9 -> 1.1302708 | E9: =Sheet1!E9 -> 0.512 | F9: =Sheet1!F9 -> 2.0345 | G9: =Sheet1!G9 -> 2.824 | H9: =Sheet1!H9 -> 3.86725 | I9: =Sheet1!I9 -> 5.289
A10: CN_10Y_Open | B10: 3456 | C10: =Sheet1!C10 -> 3.3122656 | D10: =Sheet1!D10 -> 0.64309878 | E10: =Sheet1!E10 -> 1.624 | F10: =Sheet1!F10 -> 2.9345 | G10: =Sheet1!G10 -> 3.319 | H10: =Sheet1!H10 -> 3.6805 | I10: =Sheet1!I10 -> 4.73
A11: UK_10Y_Open | B11: 3456 | C11: =Sheet1!C11 -> 2.7528822 | D11: =Sheet1!D11 -> 1.494873 | E11: =Sheet1!E11 -> 0.077 | F11: =Sheet1!F11 -> 1.41875 | G11: =Sheet1!G11 -> 2.6845 | H11: =Sheet1!H11 -> 4.18125 | I11: =Sheet1!I11 -> 5.576
A12: JP_10Y_Open | B12: 3456 | C12: =Sheet1!C12 -> 0.75559288 | D12: =Sheet1!D12 -> 0.63350529 | E12: =Sheet1!E12 -> -0.288 | F12: =Sheet1!F12 -> 0.089 | G12: =Sheet1!G12 -> 0.7335 | H12: =Sheet1!H12 -> 1.327 | I12: =Sheet1!I12 -> 2.01
A13: GER_10Y_Open | B13: 3456 | C13: =Sheet1!C13 -> 1.8084505 | D13: =Sheet1!D13 -> 1.5141352 | E13: =Sheet1!E13 -> -0.792 | F13: =Sheet1!F13 -> 0.38575 | G13: =Sheet1!G13 -> 1.846 | H13: =Sheet1!H13 -> 3.068 | I13: =Sheet1!I13 -> 4.687
A14: VIX_Open | B14: 3456 | C14: =Sheet1!C14 -> 19.727457 | D14: =Sheet1!D14 -> 9.0123431 | E14: =Sheet1!E14 -> 9.1 | F14: =Sheet1!F14 -> 13.84 | G14: =Sheet1!G14 -> 17.3 | H14: =Sheet1!H14 -> 22.8125 | I14: =Sheet1!I14 -> 82.69
A15: US_index_Open | B15: 3456 | C15: =Sheet1!C15*100000 -> 27.778031 | D15: =Sheet1!D15*100000 -> 1138.5137 | E15: =Sheet1!E15*100000 -> -9114.0415 | F15: =Sheet1!F15*100000 -> -394.85811 | G15: =Sheet1!G15*100000 -> 80.220392 | H15: =Sheet1!H15*100000 -> 560.42378 | I15: =Sheet1!I15*100000 -> 10140.643
A16: CN_index_Open | B16: 3456 | C16: =Sheet1!C16*100000 -> -13.224264 | D16: =Sheet1!D16*100000 -> 1772.2246 | E16: =Sheet1!E16*100000 -> -11878.158 | F16: =Sheet1!F16*100000 -> -736.77996 | G16: =Sheet1!G16*100000 -> -15.934071 | H16: =Sheet1!H16*100000 -> 819.61522 | I16: =Sheet1!I16*100000 -> 13492.146
A17: UK_index_Open | B17: 3456 | C17: =Sheet1!C17*100000 -> -4.4605645 | D17: =Sheet1!D17*100000 -> 1143.0476 | E17: =Sheet1!E17*100000 -> -11512.428 | F17: =Sheet1!F17*100000 -> -490.55117 | G17: =Sheet1!G17*100000 -> 42.692671 | H17: =Sheet1!H17*100000 -> 561.80137 | I17: =Sheet1!I17*100000 -> 8666.8065
A18: JP_index_Open | B18: 3456 | C18: =Sheet1!C18*100000 -> 5.0093528 | D18: =Sheet1!D18*100000 -> 1314.7103 | E18: =Sheet1!E18*100000 -> -10318.807 | F18: =Sheet1!F18*100000 -> -686.79771 | G18: =Sheet1!G18*100000 -> 8.5487716 | H18: =Sheet1!H18*100000 -> 734.82559 | I18: =Sheet1!I18*100000 -> 11052.204
A19: GER_index_Open | B19: 3456 | C19: =Sheet1!C19*100000 -> 33.346008 | D19: =Sheet1!D19*100000 -> 1305.9285 | E19: =Sheet1!E19*100000 -> -10380.902 | F19: =Sheet1!F19*100000 -> -571.90512 | G19: =Sheet1!G19*100000 -> 83.899366 | H19: =Sheet1!H19*100000 -> 708.35777 | I19: =Sheet1!I19*100000 -> 9283.1511
A20: US_10Y-CN_10Y_Open | B20: 3456 | C20: =Sheet1!C20 -> -0.36602344 | D20: =Sheet1!D20 -> 1.3568897 | E20: =Sheet1!E20 -> -2.558 | F20: =Sheet1!F20 -> -1.4525 | G20: =Sheet1!G20 -> -0.7105 | H20: =Sheet1!H20 -> 0.507 | I20: =Sheet1!I20 -> 3.127
A21: US_10Y-GER_10Y_Open | B21: 3456 | C21: =Sheet1!C21 -> 1.1377917 | D21: =Sheet1!D21 -> 0.83668087 | E21: =Sheet1!E21 -> -0.895 | F21: =Sheet1!F21 -> 0.344 | G21: =Sheet1!G21 -> 1.337 | H21: =Sheet1!H21 -> 1.78625 | I21: =Sheet1!I21 -> 2.787
A22: US_10Y-UK_10Y_Open | B22: 3456 | C22: =Sheet1!C22 -> 0.19335995 | D22: =Sheet1!D22 -> 0.62497582 | E22: =Sheet1!E22 -> -1.174 | F22: =Sheet1!F22 -> -0.24725 | G22: =Sheet1!G22 -> 0.0695 | H22: =Sheet1!H22 -> 0.56725 | I22: =Sheet1!I22 -> 1.718
A23: US_10Y-JP_10Y_Open | B23: 3456 | C23: =Sheet1!C23 -> 2.1906493 | D23: =Sheet1!D23 -> 0.76882109 | E23: =Sheet1!E23 -> 0.508 | F23: =Sheet1!F23 -> 1.69675 | G23: =Sheet1!G23 -> 2.171 | H23: =Sheet1!H23 -> 2.849 | I23: =Sheet1!I23 -> 4.139
A24: CN_10Y-GER_10Y_Open | B24: 3456 | C24: =Sheet1!C24 -> 1.5038151 | D24: =Sheet1!D24 -> 1.5459709 | E24: =Sheet1!E24 -> -1.093 | F24: =Sheet1!F24 -> 0.073 | G24: =Sheet1!G24 -> 1.7155 | H24: =Sheet1!H24 -> 3.03475 | I24: =Sheet1!I24 -> 3.978
A25: CN_10Y-UK_10Y_Open | B25: 3456 | C25: =Sheet1!C25 -> 0.55938339 | D25: =Sheet1!D25 -> 1.6417544 | E25: =Sheet1!E25 -> -3.162 | F25: =Sheet1!F25 -> -0.69925 | G25: =Sheet1!G25 -> 1.181 | H25: =Sheet1!H25 -> 1.9405 | I25: =Sheet1!I25 -> 3.151
A26: CN_10Y-JP_10Y_Open | B26: 3456 | C26: =Sheet1!C26 -> 2.5566727 | D26: =Sheet1!D26 -> 0.86197862 | E26: =Sheet1!E26 -> 0.004 | F26: =Sheet1!F26 -> 2.12 | G26: =Sheet1!G26 -> 2.732 | H26: =Sheet1!H26 -> 3.14225 | I26: =Sheet1!I26 -> 4.115
A27: GER_10Y-UK_10Y_Open | B27: 3456 | C27: =Sheet1!C27 -> -0.94443171 | D27: =Sheet1!D27 -> 0.47586884 | E27: =Sheet1!E27 -> -2.343 | F27: =Sheet1!F27 -> -1.192 | G27: =Sheet1!G27 -> -0.889 | H27: =Sheet1!H27 -> -0.607 | I27: =Sheet1!I27 -> 0.144
A28: GER_10Y-JP_10Y_Open | B28: 3456 | C28: =Sheet1!C28 -> 1.0528576 | D28: =Sheet1!D28 -> 0.94095667 | E28: =Sheet1!E28 -> -0.754 | F28: =Sheet1!F28 -> 0.276 | G28: =Sheet1!G28 -> 1.02 | H28: =Sheet1!H28 -> 1.8995 | I28: =Sheet1!I28 -> 3.027
A29: UK_10Y-JP_10Y_Open | B29: 3456 | C29: =Sheet1!C29 -> 1.9972894 | D29: =Sheet1!D29 -> 0.97503611 | E29: =Sheet1!E29 -> 0.061 | F29: =Sheet1!F29 -> 1.19775 | G29: =Sheet1!G29 -> 1.99 | H29: =Sheet1!H29 -> 2.8995 | I29: =Sheet1!I29 -> 4.286
A30: VIX_Delta | B30: 3456 | C30: =Sheet1!C30 -> -0.041643519 | D30: =Sheet1!D30 -> 1.9178679 | E30: =Sheet1!E30 -> -17.45 | F30: =Sheet1!F30 -> -0.8 | G30: =Sheet1!G30 -> -0.1 | H30: =Sheet1!H30 -> 0.59 | I30: =Sheet1!I30 -> 24.86
A31: USD_index_Close_Lag1 | B31: 3456 | C31: =Sheet1!C31*100000 -> -2.9301633 | D31: =Sheet1!D31*100000 -> 485.47057 | E31: =Sheet1!E31*100000 -> -3064.5673 | F31: =Sheet1!F31*100000 -> -280.56636 | G31: =Sheet1!G31*100000 -> 0 | H31: =Sheet1!H31*100000 -> 273.43646 | I31: =Sheet1!I31*100000 -> 2407.465
A32: USD_index_Close_Lag4 | B32: 3456 | C32: =Sheet1!C32*100000 -> -2.9169376 | D32: =Sheet1!D32*100000 -> 485.51488 | E32: =Sheet1!E32*100000 -> -3064.5673 | F32: =Sheet1!F32*100000 -> -281.49212 | G32: =Sheet1!G32*100000 -> 0 | H32: =Sheet1!H32*100000 -> 273.43646 | I32: =Sheet1!I32*100000 -> 2407.465
A33: USD_index_Close_Lag7 | B33: 3456 | C33: =Sheet1!C33*100000 -> -3.1303206 | D33: =Sheet1!D33*100000 -> 485.37718 | E33: =Sheet1!E33*100000 -> -3064.5673 | F33: =Sheet1!F33*100000 -> -281.49212 | G33: =Sheet1!G33*100000 -> 0 | H33: =Sheet1!H33*100000 -> 273.07834 | I33: =Sheet1!I33*100000 -> 2407.465
A34: USD_index_Close_Lag14 | B34: 3456 | C34: =Sheet1!C34*100000 -> -2.7893092 | D34: =Sheet1!D34*100000 -> 485.28658 | E34: =Sheet1!E34*100000 -> -3064.5673 | F34: =Sheet1!F34*100000 -> -280.19516 | G34: =Sheet1!G34*100000 -> 0 | H34: =Sheet1!H34*100000 -> 273.07834 | I34: =Sheet1!I34*100000 -> 2407.465
A35: USD_index_Close_Std3 | B35: 3456 | C35: =Sheet1!C35*1000 -> 4.0803641 | D35: =Sheet1!D35*1000 -> 2.5516516 | E35: =Sheet1!E35*1000 -> 0.059359543 | F35: =Sheet1!F35*1000 -> 2.2714905 | G35: =Sheet1!G35*1000 -> 3.6401463 | H35: =Sheet1!H35*1000 -> 5.3799647 | I35: =Sheet1!I35*1000 -> 20.875109
A36: USD_index_Close_Std7 | B36: 3456 | C36: =Sheet1!C36*1000 -> 4.4209713 | D36: =Sheet1!D36*1000 -> 1.9744632 | E36: =Sheet1!E36*1000 -> 0.71126761 | F36: =Sheet1!F36*1000 -> 3.0881854 | G36: =Sheet1!G36*1000 -> 4.1091222 | H36: =Sheet1!H36*1000 -> 5.303249 | I36: =Sheet1!I36*1000 -> 17.757767
A37: USD_index_Close_Std14 | B37: 3456 | C37: =Sheet1!C37*1000 -> 4.5281873 | D37: =Sheet1!D37*1000 -> 1.739333 | E37: =Sheet1!E37*1000 -> 1.2165575 | F37: =Sheet1!F37*1000 -> 3.3845736 | G37: =Sheet1!G37*1000 -> 4.2053809 | H37: =Sheet1!H37*1000 -> 5.3234582 | I37: =Sheet1!I37*1000 -> 13.771078
